Dataset,Dataset_Entries,Earliest_Sample_Datetime,Latest_Sample_Datetime,Location_Type,Geographic_Area,Data_Provenance,Database_DOI/Link,Data_Use_Statement,License,Version,Access_Date,DOI,Freshwater_Data_Points,Land_Based_Data_Points,Barium_Samples,Cruise_Report,Database_Citation,Publication_Citation,Additional_Information
LOCEAN_Wisotopes-V5,2162,2002-02-15T00:00:00,2025-05-19T23:01:00,Sea,"Fram Strait, Arctic Ocean, North from Norway/Svalbard",LOCEAN_Wisotopes-V5,https://doi.org/10.17882/71186,,CC-BY-4.0,5,2025-11-12T00:00:00,https://doi.org/10.17882/71186,0,74,0,,waterisotopes-CISE-LOCEAN (2025). Water isotopes of sea water analyzed since 1998 at LOCEAN. SEANOE. https://doi.org/10.17882/71186,waterisotopes-CISE-LOCEAN (2025). Water isotopes of sea water analyzed since 1998 at LOCEAN. SEANOE. https://doi.org/10.17882/71186,
GISS_O18_data_N_of_45N,9443,1967-12-01T00:00:00,2008-10-01T00:00:00,Sea,"Arctic Ocean, Novaya Zemlya, Barents Sea, Kara Sea, Chukchi Sea, East Greenland, Laptev Sea, Sea of Okhotsk, Baltic Sea, Greenland Sea, North Sea, Bering Strait, E Siberian Sea, Bering Sea, Gulf of Alaska, Beaufort Sea, E Greenland Coast, S of Greenland, Baffin Bay, Davis Strait, Arctic, East Siberian Sea, Beauford Sea, N Beaufort Sea, Canadian Islands, North Pole, E Greenland Fjords, White Sea, Svalbard, Canadian fjords and rivers",GISS_O18_data_N_of_45N,https://data.giss.nasa.gov/o18data/,You are free to download the whole database “for your own research” Please cite Schmidt et al. (1999) with version number.,Online Database,1.22,2025-11-12T00:00:00,https://data.giss.nasa.gov/o18data/,0,59,0,,"Schmidt, G.A., G. R. Bigg and E. J. Rohling. 1999. ""Global Seawater Oxygen-18 Database - v1.22"" https://data.giss.nasa.gov/o18data/","Schmidt, G.A., G. R. Bigg and E. J. Rohling. 1999. ""Global Seawater Oxygen-18 Database - v1.22"" https://data.giss.nasa.gov/o18data/",
healy_2016,6034,2016-07-06T12:59:00,2016-08-06T12:29:00,Sea,"Arctic Ocean, Bering Strait",Arctic Data Center,https://arcticdata.io/,https://arcticdata.io/submit/,CC-BY-4.0,2,2025-12-12T00:00:00,https://doi.org/10.18739/A2BZ61952,0,0,0,,,"Eric Klein. (2023). Simultaneous Ocean Water and Boundary Layer Water Vapor Isotopes in Western Arctic, 2016. Arctic Data Center. doi:10.18739/A2BZ61952. ",
arct_carbn,3991,1986-09-10T14:05:00,2009-10-14T02:03:00,Sea,"Arctic Ocean, Baffin Bay, Beaufort Sea, Bering Sea, Coastal Waters of Southeast Alaska and British Columbia, Davis Strait, Gulf of Alaska, Gulf of St. Lawrence, Hudson Strait, Labrador Sea, North Pacific Ocean, Northwestern Passages",arct_carbn,https://doi.org/10.3334/cdiac/otg.ios_arct_carbn,NCEI PD-10-2-02 - Open Data Policy,CC0,2,2025-12-03T00:00:00,https://doi.org/10.3334/cdiac/otg.ios_arct_carbn,0,0,0,,"Giesbrecht, Karina E.; Miller, Lisa A.; Zimmermann, Sarah; Carmack, Eddy; Johnson, William K.; Macdonald, Robie W.; McLaughlin, Fiona; Mucci, Alfonso; Williams, William J.; Wong, C. S.; Yamamoto-Kawai, Michiyo (2014). Dissolved inorganic carbon, pH, alkalinity, temperature, salinity and other variables collected from discrete sample and profile observations using CTD, bottle and other instruments from AIRCRAFT, ARCTIC IVIK and others in the Arctic Ocean, Baffin Bay and others from 1974-08-11 to 2009-10-15 (NCEI Accession 0116709). [indicate subset used]. NOAA National Centers for Environmental Information. Dataset. https://doi.org/10.3334/cdiac/otg.ios_arct_carbn. Accessed [date].","Giesbrecht, Karina E.; Miller, Lisa A.; Zimmermann, Sarah; Carmack, Eddy; Johnson, William K.; Macdonald, Robie W.; McLaughlin, Fiona; Mucci, Alfonso; Williams, William J.; Wong, C. S.; Yamamoto-Kawai, Michiyo (2014). Dissolved inorganic carbon, pH, alkalinity, temperature, salinity and other variables collected from discrete sample and profile observations using CTD, bottle and other instruments from AIRCRAFT, ARCTIC IVIK and others in the Arctic Ocean, Baffin Bay and others from 1974-08-11 to 2009-10-15 (NCEI Accession 0116709). [indicate subset used]. NOAA National Centers for Environmental Information. Dataset. https://doi.org/10.3334/cdiac/otg.ios_arct_carbn. Accessed [date].",
Wateriso_Utah_Precip_data_N_of_60N,2364,1989-01-10T00:00:00,2021-09-05T09:15:00,Precipitation,"Norway, Greenland, Alaska, Canada, Siberia, Prince George Land, Central Greenland, Alaska western coast, Northern Norway",Wateriso_Utah_Precip_data_N_of_60N,https://wateriso.utah.edu/waterisotopes/pages/spatial_db/SPATIAL_DB.html,https://wateriso.utah.edu/waterisotopes/pages/spatial_db/data_use.html,Online Database,,2025-11-12T00:00:00,https://wateriso.utah.edu/waterisotopes/pages/spatial_db/SPATIAL_DB.html,2364,1957,0,,"Waterisotopes Database (2019), SPATIAL_DB: Spatial database of water isotope data, University of Utah. Data taken above 60deg N. Accessed from https://wateriso.utah.edu/waterisotopes/pages/spatial_db/SPATIAL_DB.html on [date you accessed the data]","Waterisotopes Database (2019), SPATIAL_DB: Spatial database of water isotope data, University of Utah. Data taken above 60deg N. Accessed from https://wateriso.utah.edu/waterisotopes/pages/spatial_db/SPATIAL_DB.html on [date you accessed the data]",
Wateriso_Utah_River_data_N_of_60N,1920,1985-01-04T00:00:00,2023-03-28T21:10:00,River,"Alaska, River Pur (Siberia), Iceland, Svalbard, Northern Norway/Sweden, Northern canada",Wateriso_Utah_River_data_N_of_60N,https://wateriso.utah.edu/waterisotopes/pages/spatial_db/data_use.html,https://wateriso.utah.edu/waterisotopes/pages/spatial_db/data_use.html,Online Database,,2025-11-12T00:00:00,https://wateriso.utah.edu/waterisotopes/pages/spatial_db/SPATIAL_DB.html,1920,1914,0,,"Waterisotopes Database (2019), SPATIAL_DB: Spatial database of water isotope data, University of Utah. Data taken above 60deg N. Accessed from https://wateriso.utah.edu/waterisotopes/pages/spatial_db/SPATIAL_DB.html on [date you accessed the data]","Waterisotopes Database (2019), SPATIAL_DB: Spatial database of water isotope data, University of Utah. Data taken above 60deg N. Accessed from https://wateriso.utah.edu/waterisotopes/pages/spatial_db/SPATIAL_DB.html on [date you accessed the data]",
GIPY14,106,2009-08-30T05:37:14,2009-09-10T01:41:28,Sea,"Davis Strait, Beaufort Sea, Barents Sea, Laptev Sea",GEOTRACES 2025,https://doi.org/10.5285/42c92148-8d03-8be6-e063-7086abc09f0c,https://www.geotraces.org/wp-content/uploads/2023/09/Fair_Data_Use_Statement-for-IDP2021v2.pdf,CC-BY-4.0,1,2025-11-12T00:00:00,https://doi.org/10.5285/42c92148-8d03-8be6-e063-7086abc09f0c,0,0,0,,GEOTRACES Intermediate Data Product Group(2025). The GEOTRACES Intermediate Data Product 2025 (IDP2025). NERC EDS British Oceanographic Data Centre NOC. doi:10.5285/42c92148-8d03-8be6-e063-7086abc09f0c,GEOTRACES Intermediate Data Product Group(2025). The GEOTRACES Intermediate Data Product 2025 (IDP2025). NERC EDS British Oceanographic Data Centre NOC. doi:10.5285/42c92148-8d03-8be6-e063-7086abc09f0c,
GN02,126,2015-08-03T14:23:58,2015-08-16T02:53:58,Sea,"Davis Strait, Beaufort Sea, Barents Sea, Laptev Sea",GEOTRACES 2025,https://doi.org/10.5285/42c92148-8d03-8be6-e063-7086abc09f0c,https://www.geotraces.org/wp-content/uploads/2023/09/Fair_Data_Use_Statement-for-IDP2021v2.pdf,CC-BY-4.0,1,2025-11-12T00:00:00,https://doi.org/10.5285/42c92148-8d03-8be6-e063-7086abc09f0c,0,0,111,,GEOTRACES Intermediate Data Product Group(2025). The GEOTRACES Intermediate Data Product 2025 (IDP2025). NERC EDS British Oceanographic Data Centre NOC. doi:10.5285/42c92148-8d03-8be6-e063-7086abc09f0c,GEOTRACES Intermediate Data Product Group(2025). The GEOTRACES Intermediate Data Product 2025 (IDP2025). NERC EDS British Oceanographic Data Centre NOC. doi:10.5285/42c92148-8d03-8be6-e063-7086abc09f0c,
GN03,81,2015-09-07T08:51:35,2015-09-27T05:56:44,Sea,"Davis Strait, Beaufort Sea, Barents Sea, Laptev Sea",GEOTRACES 2025,https://doi.org/10.5285/42c92148-8d03-8be6-e063-7086abc09f0c,https://www.geotraces.org/wp-content/uploads/2023/09/Fair_Data_Use_Statement-for-IDP2021v2.pdf,CC-BY-4.0,1,2025-11-12T00:00:00,https://doi.org/10.5285/42c92148-8d03-8be6-e063-7086abc09f0c,0,0,55,,GEOTRACES Intermediate Data Product Group(2025). The GEOTRACES Intermediate Data Product 2025 (IDP2025). NERC EDS British Oceanographic Data Centre NOC. doi:10.5285/42c92148-8d03-8be6-e063-7086abc09f0c,GEOTRACES Intermediate Data Product Group(2025). The GEOTRACES Intermediate Data Product 2025 (IDP2025). NERC EDS British Oceanographic Data Centre NOC. doi:10.5285/42c92148-8d03-8be6-e063-7086abc09f0c,
PACIFICA_32PZ20020819,971,2002-08-22T22:23:00,2002-09-21T03:46:00,Sea,Arctic Ocean,National Centers for Environmental Information,https://www.ncei.noaa.gov/,NCEI PD-10-2-02 - Open Data Policy,CC0,2,2025-12-03T00:00:00,https://doi.org/10.3334/cdiac/otg.pacifica_32pz20020819,0,0,960,,,"Woodgate, Rebecca A. (2014). Temperature, salinity and other variables collected from discrete sample and profile observations using CTD, bottle and other instruments from USCGC POLAR STAR in the Arctic Ocean from 2002-08-19 to 2002-09-23 (NCEI Accession 0115588). [indicate subset used]. NOAA National Centers for Environmental Information. Dataset. https://doi.org/10.3334/cdiac/otg.pacifica_32pz20020819. Accessed [date].",
ARKXXII_2,729,2007-07-30T10:43:00,2007-09-24T23:06:00,Sea,"Arctic Ocean, Barents Sea, Laptev Sea",National Centers for Environmental Information,https://www.ncei.noaa.gov/,NCEI PD-10-2-02 - Open Data Policy,CC0,1,2025-12-03T00:00:00,https://doi.org/10.3334/cdiac/otg.clivar_arkxxii_2,0,0,107,https://www.bodc.ac.uk/resources/inventories/cruise_inventory/reports/polarstern_arkxxii2_07.pdf,,"van Heuven, Steven M. A. C.; Ober, Sven; Schauer, Ursula (2013). Dissolved inorganic carbon, alkalinity, temperature, salinity and other variables collected from discrete sample and profile observations using Alkalinity titrator, CTD and other instruments from the POLARSTERN in the Arctic Ocean, Barents Sea and Laptev (or Nordenskjold) Sea from 2007-07-28 to 2007-10-10 (NCEI Accession 0109899). [indicate subset used]. NOAA National Centers for Environmental Information. Dataset. https://doi.org/10.3334/cdiac/otg.clivar_arkxxii_2. Accessed [date].",
HLY_0301,566,2003-07-26T04:29:00,2003-08-11T11:04:00,Sea,Baffin Bay,National Centers for Environmental Information,https://www.ncei.noaa.gov/,NCEI PD-10-2-02 - Open Data Policy,CC0,1,2025-12-03T00:00:00,https://doi.org/10.3334/cdiac/otg.32h120030721,0,0,561,,,"Azetsu-Scott, Kumiko; Falkner, Kelly K. (2013). Dissolved inorganic carbon, alkalinity, temperature, salinity and other variables collected from discrete sample and profile observations using CTD, bottle and other instruments from the HEALY in the Baffin Bay and Lincoln Sea from 2003-07-21 to 2003-08-16 (NCEI Accession 0113909). [indicate subset used]. NOAA National Centers for Environmental Information. Dataset. https://doi.org/10.3334/cdiac/otg.32h120030721. Accessed [date].",
Alpha_Helix,482,1983-08-13T00:00:00,1989-09-10T00:00:00,Sea,"Bering, Chukchi, Beaufort, and East Siberian Seas",National Centers for Environmental Information,https://www.ncei.noaa.gov/,NCEI PD-10-2-02 - Open Data Policy,CC0,1,2025-11-25T00:00:00,https://www.ncei.noaa.gov/access/metadata/landing-page/bin/iso?id=gov.noaa.nodc:0068667,0,9,0,,,"Cooper, Lee W.; Chesapeake Biological Laboratory (2015). Chemical and isotopic tracers and other data from the Arctic Ocean from 1990-01-01 to 1999-12-31 (NCEI Accession 0068667). [indicate subset used]. NOAA National Centers for Environmental Information. Dataset. https://www.ncei.noaa.gov/archive/accession/0068667. Accessed [date].",
JOIS_2016,542,2016-09-23T20:15:00,2016-10-15T17:18:00,Sea,"Arctic Ocean, Beaufort Sea",National Centers for Environmental Information,https://www.ncei.noaa.gov/,NCEI PD-10-2-02 - Open Data Policy,CC0,1,2025-12-03T00:00:00,https://doi.org/10.25921/jy88-9n09,0,0,0,https://www2.whoi.edu/site/beaufortgyre/expeditions/2016-expedition/,,"Williams, William J.; Zimmermann, Sarah (2021). Dissolved inorganic carbon (DIC), total alkalinity, water temperature, salinity, dissolved oxygen, nutrients and other hydrographic and chemical data collected from discrete samples and profile observations during the CCGS Louis S. St-Laurent Joint Ocean Ice Study (JOIS-16) cruise (EXPOCODE 18SN20160922) in the Arctic Ocean, Beaufort Sea from 2016-09-22 to 2016-10-18 (NCEI Accession 0232552). [indicate subset used]. NOAA National Centers for Environmental Information. Dataset. https://doi.org/10.25921/jy88-9n09. Accessed [date].",
DavisStrait_2022,539,2022-10-03T04:09:32,2022-10-22T02:47:20,Sea,Davis Strait,Private Communication,,,Permission given in private communication ,0,2025-11-12T00:00:00,Sent by Kumiko Azetsu-Scott,0,0,0,https://iop.apl.washington.edu/assets/reports/DavisStrait2022_CruiseReport.pdf,,Unpublished,
ArcticGRO,526,2003-06-18T00:00:00,2024-06-13T00:00:00,River,"Yenisey River, lena River, Ob' River, Mackenzie River, Yukon River, Kolyma River",ArcticGRO,http://www.arcticgreatrivers.org/data,"""ArcticGRO data are free to use by anyone for any purpose.  We only ask that you credit ArcticGRO so that we can track data use.""",Online Database,20250402,2025-11-25T00:00:00,http://www.arcticgreatrivers.org/data,526,526,491,,"The Arctic Great Rivers Observatory. 2024. Water Quality Dataset, Version YYYYMMDD. https://www.arcticgreatrivers.org/data","The Arctic Great Rivers Observatory. 2024. Water Quality Dataset, Version YYYYMMDD. https://www.arcticgreatrivers.org/data",
ArcticNet,523,2016-06-09T17:25:00,2016-08-23T11:01:00,Sea,West Greenland,National Centers for Environmental Information,https://www.ncei.noaa.gov/,NCEI PD-10-2-02 - Open Data Policy,CC0,1,2025-11-12T00:00:00,https://doi.org/10.25921/719e-qr37,0,0,0,,,"Miller, Lisa A.; Davelaar, Marty; Caleb, Danielle; Mucci, Alfonso; Burgers, Tonya M.; Ahmed, Mohamed; Irish, Vickie (2020). Dissolved inorganic carbon (DIC), total alkalinity, stable oxygen isotope (O-18), temperature, salinity, dissolved oxygen and other parameters measured from discrete samples and profile observations during the Canadian Coast Guard Ship Amundsen ArcticNet cruise (EXPOCODE 18DL20160603, Leg 1 and Leg 2) in the Eastern Canadian Arctic, Baffin Bay, Nares Strait, Lancaster Sound, Barrow Strait and Coronation Gulf from 2016-06-03 to 2016-08-23 (NCEI Accession 0217304). [indicate subset used]. NOAA National Centers for Environmental Information. Dataset. https://doi.org/10.25921/719e-qr37. Accessed [date].",
Knorr_2013,472,2013-09-15T07:37:00,2013-10-03T09:18:00,Sea,Davis Strait,National Centers for Environmental Information,https://www.ncei.noaa.gov/,NCEI PD-10-2-02 - Open Data Policy,CC0,3,2025-12-03T00:00:00,https://doi.org/10.25921/35kw-bx29,0,0,0,,,"Azetsu-Scott, Kumiko; Lee, Craig M.; Petrie, Brian (2018). Dissolved inorganic carbon (DIC), total alkalinity, and other parameters collected from profile discrete samples during the R/V Knorr cruise (EXPOCODE 316N20130914) in Davis Strait from 2013-09-14 to 2013-10-03 (NCEI Accession 0176494). [indicate subset used]. NOAA National Centers for Environmental Information. Dataset. https://doi.org/10.25921/35kw-bx29. Accessed [date].",
JOIS_2015,470,2015-09-21T23:08:00,2015-10-14T17:02:00,Sea,Canada Basin,National Centers for Environmental Information,https://www.ncei.noaa.gov/,NCEI PD-10-2-02 - Open Data Policy,CC0,1,2025-12-03T00:00:00,https://doi.org/10.25921/c35k-0h70,0,0,0,,,"Williams, William J.; Zimmermann, Sarah; Quesnel, Sarah-Ann (2019). Dissolved inorganic carbon (DIC), total alkalinity and other hydrographic and chemical data collected from discrete samples and profile observations during the CCGS Louis S. St-Laurent IOS Cruise 2015-06 (EXPOCODE 18SN20150920) in the Arctic Ocean from 2015-09-20 to 2015-10-16 (NCEI Accession 0191303). [indicate subset used]. NOAA National Centers for Environmental Information. Dataset. https://doi.org/10.25921/c35k-0h70. Accessed [date].",
TXF13,155,2013-09-21T00:00:00,2013-09-23T00:00:00,Sea,Gulf of Alaska,National Centers for Environmental Information,https://www.ncei.noaa.gov/,NCEI PD-10-2-02 - Open Data Policy,CC0,3,2025-11-12T00:00:00,https://doi.org/10.25921/n5dy-h455,0,11,0,,,"Monacci, Natalie M.; Cross, Jessica N.; Hopcroft, Russell R.; Mathis, Jeremy T. (2020). Discrete profile measurements of dissolved inorganic carbon (DIC), total alkalinity (TA), temperature, salinity, oxygen, nutrients and Delta Oxygen-18 during the M/V Tiglax Seward Line cruises TXS13 and TXF13 (EXPOCODEs: 33A020130427 and 33A020130914) in the Gulf of Alaska, North Pacific Ocean from 2013-04-27 to 2013-09-26 (NCEI Accession 0210222). [indicate subset used]. NOAA National Centers for Environmental Information. Dataset. https://doi.org/10.25921/n5dy-h455. Accessed [date].",
SAS_Oden,419,2021-08-02T16:31:34,2021-09-11T14:06:53,Sea,Central Arctic Ocean,National Centers for Environmental Information,https://www.ncei.noaa.gov/,NCEI PD-10-2-02 - Open Data Policy,CC0,1,2025-12-03T00:00:00,https://doi.org/10.25921/eaf4-9658,0,0,0,https://doi.org/10.48515/0v1w-8958,,"Ulfsbo, Adam; Sundbom, Marcus; Tanhua, Toste; Gerke, Lennart; Wefing, Anne-Marie; Casacuberta, Núria (2023). Discrete profile measurements of carbon dioxide, hydrographic and chemical data during the R/V Oden SAS-Oden 2021 (SO21) cruise (EXPOCODE 77DN20210725) in the Arctic Ocean from 2021-07-25 to 2021-09-20 (NCEI Accession 0278647). [indicate subset used]. NOAA National Centers for Environmental Information. Dataset. https://doi.org/10.25921/eaf4-9658. Accessed [date].",
JOIS_2004,394,2004-08-05T22:19:00,2004-08-29T23:01:00,Sea,Canadian archepelago,National Centers for Environmental Information,https://www.ncei.noaa.gov/,NCEI PD-10-2-02 - Open Data Policy,CC0,1,2025-12-03T00:00:00,https://doi.org/10.25921/vwsp-x287,0,0,390,,,"Zimmermann, Sarah; Williams, William J. (2021). Water temperature, salinity, dissolved oxygen, nutrients and other hydrographic and chemical data collected from discrete samples and profile observations during the CCGS Louis S. St-Laurent Joint Ocean Ice Study (JOIS-04) cruise (EXPOCODE 18SN20040725) in the Arctic Ocean, Beaufort Sea and Northwestern Passages from 2004-07-25 to 2004-09-02 (NCEI Accession 0232545). [indicate subset used]. NOAA National Centers for Environmental Information. Dataset. https://doi.org/10.25921/vwsp-x287. Accessed [date].",
HLY2202-SAS,384,2022-09-09T21:22:59,2022-10-22T18:30:21,Sea,"Beaufort Sea, Chukchi Sea",Private Communication,,,Permission given in private communication ,0,2025-12-23T00:00:00,Unpublished,0,0,0,,,Unpublished,
Knorr_2011,369,2011-10-03T08:14:00,2011-10-21T14:15:00,Sea,Davis Strait,National Centers for Environmental Information,https://www.ncei.noaa.gov/,NCEI PD-10-2-02 - Open Data Policy,CC0,1,2025-12-03T00:00:00,https://doi.org/10.7289/v5bz64cq,0,0,0,,,"Azetsu-Scott, Kumiko; Lee, Craig M. (2018). Carbon dioxide, hydrographic and chemical data collected from profile discrete samples during the R/V Knorr cruise (EXPOCODE 316N20111002) in Davis Strait from 2011-10-02 to 2011-10-21 (NCEI Accession 0173308). [indicate subset used]. NOAA National Centers for Environmental Information. Dataset. https://doi.org/10.7289/v5bz64cq. Accessed [date].",
Wateriso_Utah_Snowpit_data_N_of_60N,351,2010-05-16T00:00:00,2014-05-08T00:00:00,Snowpit,"Northern Canadian islands, West Greenland, Central Greenland",Wateriso_Utah_Snowpit_data_N_of_60N,https://wateriso.utah.edu/waterisotopes/pages/spatial_db/SPATIAL_DB.html,https://wateriso.utah.edu/waterisotopes/pages/spatial_db/data_use.html,Online Database,,2025-11-12T00:00:00,https://wateriso.utah.edu/waterisotopes/pages/spatial_db/SPATIAL_DB.html,351,351,0,,"Waterisotopes Database (2019), SPATIAL_DB: Spatial database of water isotope data, University of Utah. Data taken above 60deg N. Accessed from https://wateriso.utah.edu/waterisotopes/pages/spatial_db/SPATIAL_DB.html on [date you accessed the data]","Waterisotopes Database (2019), SPATIAL_DB: Spatial database of water isotope data, University of Utah. Data taken above 60deg N. Accessed from https://wateriso.utah.edu/waterisotopes/pages/spatial_db/SPATIAL_DB.html on [date you accessed the data]",
MOSAIC_stable_isotopes_snowpits,351,2020-01-03T00:00:00,2020-05-10T00:00:00,Snowpit,Arctic Ocean,PANGEA,https://www.pangaea.de/,https://www.pangaea.de/about/terms.php,CC-BY-4.0,1,2026-01-28T00:00:00,https://doi.org/10.1594/PANGAEA.952556,351,0,0,,,"Macfarlane, Amy R; Schneebeli, Martin; Dadic, Ruzica; Wagner, David N; Arndt, Stefanie; Clemens-Sewall, David; Hämmerle, Stefan; Hannula, Henna-Reetta; Jaggi, Matthias; Kolabutin, Nikolai; Krampe, Daniela; Lehning, Michael; Matero, Ilkka; Nicolaus, Marcel; Oggier, Marc; Pirazzini, Roberta; Polashenski, Chris; Raphael, Ian; Regnery, Julia; Shimanchuck, Egor; Smith, Madison M; Tavri, Aikaterini; Mellat, Moein; Meyer, Hanno; Werner, Martin; Brunello, Camilla F (2022): Snowpit stable isotope profiles during the MOSAiC expedition [dataset]. PANGAEA, https://doi.org/10.1594/PANGAEA.952556, In: Macfarlane, Amy R; Schneebeli, Martin; Dadic, Ruzica; Wagner, David N; Arndt, Stefanie; Clemens-Sewall, David; Hämmerle, Stefan; Hannula, Henna-Reetta; Jaggi, Matthias; Kolabutin, Nikolai; Krampe, Daniela; Lehning, Michael; Matero, Ilkka; Nicolaus, Marcel; Oggier, Marc; Pirazzini, Roberta; Polashenski, Chris; Raphael, Ian; Regnery, Julia; Shimanchuck, Egor; Smith, Madison M; Tavri, Aikaterini (2021): Snowpit raw data collected during the MOSAiC expedition [dataset bundled publication]. PANGAEA, https://doi.org/10.1594/PANGAEA.935934",
Knorr_2010,346,2010-09-08T07:04:00,2010-09-29T11:14:00,Sea,Davis Strait,National Centers for Environmental Information,https://www.ncei.noaa.gov/,NCEI PD-10-2-02 - Open Data Policy,CC0,1,2025-12-03T00:00:00,https://doi.org/10.7289/v58p5xt9,0,0,0,,,"Azetsu-Scott, Kumiko; Lee, Craig M. (2018). Carbon dioxide, hydrographic and chemical data collected from profile discrete samples during the R/V Knorr cruise (EXPOCODE 316N20100804) in Davis Strait from 2010-08-04 to 2010-09-29 (NCEI Accession 0173041). [indicate subset used]. NOAA National Centers for Environmental Information. Dataset. https://doi.org/10.7289/v58p5xt9. Accessed [date].",
PACIFICA_49NZ20020822,343,2002-09-04T22:30:00,2002-10-04T21:42:00,Sea,"Arctic Ocean, Beaufort Sea, Bering Sea, Northwest Passage",National Centers for Environmental Information,https://www.ncei.noaa.gov/,NCEI PD-10-2-02 - Open Data Policy,CC0,1,2025-12-03T00:00:00,https://doi.org/10.3334/cdiac/otg.pacifica_49nz20020822,0,0,0,,,"Murata, Akihiko; Shimada, Koji (2013). Dissolved inorganic carbon, alkalinity, temperature, salinity and other variables collected from discrete sample and profile observations using CTD, Coulometer for DIC measurement and other instruments from the MIRAI in the Arctic Ocean, Beaufort Sea and others from 2002-08-22 to 2002-10-10 (NCEI Accession 0112355). [indicate subset used]. NOAA National Centers for Environmental Information. Dataset. https://doi.org/10.3334/cdiac/otg.pacifica_49nz20020822. Accessed [date].",
JOIS_2013,338,2013-08-04T16:38:00,2013-08-30T02:43:00,Sea,"Arctic Ocean, Beaufort Sea, Davis Strait, Northwestern Passages",National Centers for Environmental Information,https://www.ncei.noaa.gov/,NCEI PD-10-2-02 - Open Data Policy,CC0,1,2025-12-03T00:00:00,https://doi.org/10.25921/7r17-4q18,0,0,0,https://www2.whoi.edu/site/beaufortgyre/expeditions/2013-expedition/,,"Williams, William J.; Zimmermann, Sarah (2021). Dissolved inorganic carbon (DIC), total alkalinity, water temperature, salinity, dissolved oxygen, nutrients and other hydrographic and chemical data collected from discrete samples and profile observations during the CCGS Louis S. St-Laurent Joint Ocean Ice Study (JOIS-13) cruise (EXPOCODE 18SN20130724) in the Arctic Ocean, Beaufort Sea, Davis Strait and Northwestern Passages from 2013-07-24 to 2013-09-02 (NCEI Accession 0232550). [indicate subset used]. NOAA National Centers for Environmental Information. Dataset. https://doi.org/10.25921/7r17-4q18. Accessed [date].",
JOIS_2014,330,2014-09-23T19:55:00,2014-10-14T22:28:00,Sea,"Arctic Ocean, Beaufort Sea",National Centers for Environmental Information,https://www.ncei.noaa.gov/,NCEI PD-10-2-02 - Open Data Policy,CC0,1,2025-12-03T00:00:00,https://doi.org/10.25921/jkqw-ya62,0,0,0,https://www2.whoi.edu/site/beaufortgyre/expeditions/2014-expedition/,,"Williams, William J.; Zimmermann, Sarah (2021). Dissolved inorganic carbon (DIC), total alkalinity, water temperature, salinity, dissolved oxygen, nutrients and other hydrographic and chemical data collected from discrete samples and profile observations during the CCGS Louis S. St-Laurent Joint Ocean Ice Study (JOIS-14) cruise (EXPOCODE 18SN20140921) in the Arctic Ocean, Beaufort Sea from 2014-09-21 to 2014-10-17 (NCEI Accession 0232551). [indicate subset used]. NOAA National Centers for Environmental Information. Dataset. https://doi.org/10.25921/jkqw-ya62. Accessed [date].",
Knorr_2007,305,2007-10-05T02:42:00,2007-10-19T14:42:00,Sea,Davis Strait,National Centers for Environmental Information,https://www.ncei.noaa.gov/,NCEI PD-10-2-02 - Open Data Policy,CC0,1,2025-12-03T00:00:00,https://doi.org/10.7289/v5zs2tt5,0,0,0,,,"Azetsu-Scott, Kumiko; Petrie, Brian; Lee, Craig M. (2018). Carbon dioxide, hydrographic and chemical data collected from profile discrete samples during the R/V Knorr cruise (EXPOCODE 316N20071003) in Davis Strait from 2007-10-03 to 2007-10-21 (NCEI Accession 0173248). [indicate subset used]. NOAA National Centers for Environmental Information. Dataset. https://doi.org/10.7289/v5zs2tt5. Accessed [date].",
MOSAIC_stable_isotopes_ice,303,2019-10-25T00:00:00,2020-09-18T00:00:00,Snow,Arctic Ocean,PANGEA,https://www.pangaea.de/,https://www.pangaea.de/about/terms.php,CC-BY-4.0,1,2026-01-28T00:00:00,https://doi.org/10.1594/PANGAEA.948511,303,0,0,,,"Mellat, Moein; Meyer, Hanno; Brunello, Camilla F; Arndt, Stefanie; Macfarlane, Amy R; Schneebeli, Martin; Hörhold, Maria; Werner, Martin; Weiner, Mikaela; Marent, Andreas (2022): Stable water isotopes of snow during MOSAiC expedition [dataset]. PANGAEA, https://doi.org/10.1594/PANGAEA.948511",
Knorr_2008,296,2008-09-03T04:00:00,2008-09-12T09:11:00,Sea,Davis Strait,National Centers for Environmental Information,https://www.ncei.noaa.gov/,NCEI PD-10-2-02 - Open Data Policy,CC0,1,2025-12-03T00:00:00,https://doi.org/10.7289/v53j3b9v,0,0,0,,,"Azetsu-Scott, Kumiko; Petrie, Brian; Lee, Craig M. (2018). Carbon dioxide, hydrographic and chemical data collected from profile discrete samples during the R/V Knorr cruise (EXPOCODE 316N20080901) in Davis Strait from 2008-09-01 to 2008-09-21 (NCEI Accession 0173287). [indicate subset used]. NOAA National Centers for Environmental Information. Dataset. https://doi.org/10.7289/v53j3b9v. Accessed [date].",
JOIS_2012,290,2012-08-05T21:27:00,2012-08-29T14:46:00,Sea,Arctic Ocean,National Centers for Environmental Information,https://www.ncei.noaa.gov/,NCEI PD-10-2-02 - Open Data Policy,CC0,1,2025-12-03T00:00:00,https://doi.org/10.25921/c5kx-sm59,0,0,0,https://www2.whoi.edu/site/beaufortgyre/expeditions/2012-expedition/,,"Zimmermann, Sarah; Williams, William J. (2021). Dissolved inorganic carbon (DIC), total alkalinity, water temperature, salinity, dissolved oxygen, nutrients and other hydrographic and chemical data collected from discrete samples and profile observations during the CCGS Louis S. St-Laurent Joint Ocean Ice Study (JOIS-12) cruise (EXPOCODE 18SN20120802) in the Arctic Ocean from 2012-08-02 to 2012-08-30 (NCEI Accession 0232546). [indicate subset used]. NOAA National Centers for Environmental Information. Dataset. https://doi.org/10.25921/c5kx-sm59. Accessed [date].",
CARINA/77DN19910726,289,1991-08-17T00:00:00,1991-10-03T00:00:00,Sea,Arctic Ocean,National Centers for Environmental Information,https://www.ncei.noaa.gov/,NCEI PD-10-2-02 - Open Data Policy,CC0,2,2025-12-03T00:00:00,https://doi.org/10.3334/cdiac/otg.carina_77dn19910726,0,0,0,,,"Anderson, Leif G.; Hellsvik, Jan-Erik (2013). Dissolved inorganic carbon, alkalinity, temperature, salinity and other variables collected from discrete sample and profile observations using CTD, bottle and other instruments from ODEN in the Arctic Ocean from 1991-07-26 to 1991-09-03 (NCEI Accession 0113591). [indicate subset used]. NOAA National Centers for Environmental Information. Dataset. https://doi.org/10.3334/cdiac/otg.carina_77dn19910726. Accessed [date].",
PACIFICA_49NZ20040901,279,2004-09-07T01:13:00,2004-09-27T11:54:00,Sea,"Arctic Ocean, Beaufort Sea",National Centers for Environmental Information,https://www.ncei.noaa.gov/,NCEI PD-10-2-02 - Open Data Policy,CC0,2,2025-12-03T00:00:00,https://doi.org/10.3334/cdiac/otg.pacifica_49nz20040901,0,0,0,,,"Nishino, Shigeto; Shimada, Koji (2013). Alkalinity, temperature, salinity and other variables collected from discrete sample and profile observations using CTD, Coulometer for DIC measurement and other instruments from MIRAI in the Arctic Ocean and Beaufort Sea from 2004-09-01 to 2004-10-13 (NCEI Accession 0112357). [indicate subset used]. NOAA National Centers for Environmental Information. Dataset. https://doi.org/10.3334/cdiac/otg.pacifica_49nz20040901. Accessed [date].",
MOSAIC_stable_isotopes_water_underway,265,2019-11-16T00:00:00,2020-09-20T00:00:00,Sea,Arctic Ocean,PANGEA,https://www.pangaea.de/,https://www.pangaea.de/about/terms.php,CC-BY-4.0,1,2026-01-28T00:00:00,https://doi.org/10.1594/PANGAEA.948291,0,0,0,,,"Mellat, Moein; Meyer, Hanno; Brunello, Camilla F; Werner, Martin; Dahlke, Sandro; Sommerfeld, Anja; Deckelmann, Holger; Jaiser, Ralf; Weiner, Mikaela; Marent, Andreas (2022): Stable water isotopes of underway seawater during MOSAiC expedition [dataset]. PANGAEA, https://doi.org/10.1594/PANGAEA.948291",
TXS13,111,2013-07-05T00:00:00,2013-08-05T00:00:00,Sea,Gulf of Alaska,National Centers for Environmental Information,https://www.ncei.noaa.gov/,NCEI PD-10-2-02 - Open Data Policy,CC0,3,2025-11-12T00:00:00,https://doi.org/10.25921/n5dy-h455,0,0,0,,,"Monacci, Natalie M.; Cross, Jessica N.; Hopcroft, Russell R.; Mathis, Jeremy T. (2020). Discrete profile measurements of dissolved inorganic carbon (DIC), total alkalinity (TA), temperature, salinity, oxygen, nutrients and Delta Oxygen-18 during the M/V Tiglax Seward Line cruises TXS13 and TXF13 (EXPOCODEs: 33A020130427 and 33A020130914) in the Gulf of Alaska, North Pacific Ocean from 2013-04-27 to 2013-09-26 (NCEI Accession 0210222). [indicate subset used]. NOAA National Centers for Environmental Information. Dataset. https://doi.org/10.25921/n5dy-h455. Accessed [date].",
CARINA/32H120020505,255,2002-05-10T00:00:00,2002-06-12T00:00:00,Sea,"Arctic Ocean, Beaufort Sea, Bering Sea",National Centers for Environmental Information,https://www.ncei.noaa.gov/,NCEI PD-10-2-02 - Open Data Policy,CC0,3,2025-12-03T00:00:00,https://doi.org/10.3334/cdiac/otg.carina_32h120020505,0,0,0,,,"Bates, Nicholas; Grebmeier, Jacqueline M.; Cooper, Lee W. (2013). Dissolved inorganic carbon, alkalinity, temperature, salinity and other variables collected from discrete sample and profile observations using CTD, PAR Sensor and other instruments from HEALY in the Arctic Ocean, Beaufort Sea and Bering Sea from 2002-05-05 to 2002-06-15 (NCEI Accession 0113952). [indicate subset used]. NOAA National Centers for Environmental Information. Dataset. https://doi.org/10.3334/cdiac/otg.carina_32h120020505. Accessed [date].",
HLY1801,247,2018-08-08T00:00:00,2018-08-23T00:00:00,Sea,"Bering Sea, Chukchi Sea",Arctic Data Center,https://arcticdata.io/,https://arcticdata.io/submit/,CC0 1.0 Universal,2,2025-12-23T00:00:00,https://doi.org/10.18739/A2JD4PR5B,0,0,0,,,"Lee W. Cooper, & Jacqueline M. Grebmeier. (2025). Discrete water samples collected from the Conductivity-Temperature-Depth (CTD) rosette at specific depths, United States Coast Guard Cutter Healy (HLY1801), Northern Bering Sea to Chukchi Sea, 2018. Arctic Data Center. doi:10.18739/A2JD4PR5B. ",
SWL2017,239,2017-07-14T14:12:00,2017-07-22T08:17:00,Sea,"Bering Sea, Chukchi Sea",Arctic Data Center,https://arcticdata.io/,https://arcticdata.io/submit/,CC0 1.0 Universal,1,2025-12-23T00:00:00,https://doi.org/10.18739/A2P843X00,0,0,0,,,"Lee W. Cooper, Jacqueline M. Grebmeier, Karen E. Frey, & Svein Vagle. (2020). Discrete water samples collected from the Conductivity-Temperature-Depth rosette at specific depths, Northern Bering Sea to Chukchi Sea, 2017. Arctic Data Center. doi:10.18739/A2P843X00. ",
JOIS_2010,233,2010-09-17T00:26:00,2010-10-14T00:58:00,Sea,Canada Basin,National Centers for Environmental Information,https://www.ncei.noaa.gov/,NCEI PD-10-2-02 - Open Data Policy,CC0,1,2025-12-03T00:00:00,https://doi.org/10.25921/w3rp-tx17,0,0,0,https://www2.whoi.edu/site/beaufortgyre/expeditions/2010-expedition/,,"Williams, William J.; Zimmermann, Sarah; Eert, Jane (2021). Dissolved inorganic carbon (DIC), total alkalinity, water temperature, salinity, dissolved oxygen, nutrients and other hydrographic and chemical data collected from discrete samples and profile observations during the CCGS Louis S. St-Laurent Joint Ocean Ice Study (JOIS-10) cruise (EXPOCODE 18SN20100915) in the Arctic Ocean from 2010-09-15 to 2010-10-15 (NCEI Accession 0232263). [indicate subset used]. NOAA National Centers for Environmental Information. Dataset. https://doi.org/10.25921/w3rp-tx17. Accessed [date].",
DY081-CTD,156,2017-07-17T23:22:00,2017-07-26T23:37:00,Sea,Labrador Sea (Davis Strait),PANGEA,https://www.pangaea.de/,https://www.pangaea.de/about/terms.php,CC-BY-4.0,,2025-11-12T00:00:00,https://doi.org/10.1594/PANGAEA.896543,0,0,0,https://download.pangaea.de/reference/97016/attachments/dy081.pdf,,"Hendry, Katharine R (2018): North Atlantic seawater bottle data collected from CTD during RRS Discovery cruise DY081 [dataset]. PANGAEA, https://doi.org/10.1594/PANGAEA.896543, In supplement to: Hendry, Katharine R; Huvenne, Veerle A I; Robinson, Laura F; Annett, Amber; Badger, Marcus P S; Jacobel, Allison W; Ng, Hong Chin; Opher, Jacob; Pickering, Rebecca A; Taylor, Michelle L; Bates, Stephanie L; Cooper, Adam; Cushman, Grace G; Goodwin, Claire; Hoy, Shannon Kelsey; Rowland, George Henry; Samperiz, Ana; Williams, James A; Achterberg, Eric Pieter; Arrowsmith, Carol; Brearley, J Alexander; Henley, Sian Frances; Krause, Jeffrey W; Leng, Melanie J; Li, Tao; McManus, Jerry F; Meredith, Michael P; Perkins, Rupert; Woodward, E Malcolm S (2019): The biogeochemical impact of glacial meltwater from Southwest Greenland. Progress in Oceanography, 176, 102126, https://doi.org/10.1016/j.pocean.2019.102126",https://store.pangaea.de/Publications/Hendry_2018_DY081/DY081_Bot_Data_Documentation.pdf
SWITCHYARD,228,2005-05-03T00:00:00,2009-05-18T00:00:00,Sea,North of Greenland,National Centers for Environmental Information,https://www.ncei.noaa.gov/,NCEI PD-10-2-02 - Open Data Policy,CC0,1,2025-12-03T00:00:00,https://doi.org/10.3334/cdiac/otg.switchyard_zzic2005swyd,0,0,0,,,"Schlosser, Peter; Swift, James H.; Smethie, William M., Jr. (2014). Nutrients, transient tracers, and other variables collected from profile and discrete sampling observations using Niskin bottle, CTD and other instruments in the Arctic Ocean from 2005-05-02 to 2009-05-18 (NCEI Accession 0117695). [indicate subset used]. NOAA National Centers for Environmental Information. Dataset. https://doi.org/10.3334/cdiac/otg.switchyard_zzic2005swyd. Accessed [date].",
Knorr_2009,226,2009-10-07T05:43:00,2009-10-16T12:29:00,Sea,Davis Strait,National Centers for Environmental Information,https://www.ncei.noaa.gov/,NCEI PD-10-2-02 - Open Data Policy,CC0,1,2025-12-03T00:00:00,https://doi.org/10.7289/v5794304,0,0,0,,,"Azetsu-Scott, Kumiko; Petrie, Brian; Lee, Craig M. (2018). Carbon dioxide, hydrographic and chemical data collected from profile discrete samples during the R/V Knorr cruise (EXPOCODE 316N20091006) in Davis Strait from 2009-10-06 to 2009-10-28 (NCEI Accession 0173307). [indicate subset used]. NOAA National Centers for Environmental Information. Dataset. https://doi.org/10.7289/v5794304. Accessed [date].",
JOIS_2011,196,2011-07-23T07:28:00,2011-08-14T19:42:00,Sea,Arctic Ocean,National Centers for Environmental Information,https://www.ncei.noaa.gov/,NCEI PD-10-2-02 - Open Data Policy,CC0,1,2025-12-03T00:00:00,https://doi.org/10.25921/y1cw-db38,0,0,0,https://www2.whoi.edu/site/beaufortgyre/expeditions/2011-expedition/,,"Williams, William J.; Zimmermann, Sarah (2021). Dissolved inorganic carbon (DIC), total alkalinity, pH on total scale, water temperature, salinity, dissolved oxygen, nutrients and other hydrographic and chemical data collected from discrete samples and profile observations during the CCGS Louis S. St-Laurent Joint Ocean Ice Study (JOIS-11) cruise (EXPOCODE 18SN20110721) in the Arctic Ocean from 2011-07-21 to 2011-08-18 (NCEI Accession 0232544). [indicate subset used]. NOAA National Centers for Environmental Information. Dataset. https://doi.org/10.25921/y1cw-db38. Accessed [date].",
Rysgaard_East_Greenland/Isotopes_KN_2021,188,2021-08-10T18:14:47,2021-08-22T10:30:52,Sea,East Greenland ,PANGEA,https://www.pangaea.de/,https://www.pangaea.de/about/terms.php,CC-BY-4.0,,2025-11-12T00:00:00,https://doi.org/10.1594/PANGAEA.962781,0,0,0,,,"Rysgaard, Søren; Mortensen, John; Haxen, Magnus; Gillard, Laura; Risgaard-Petersen, Nils (2024): Summer hydrographic conditions at proglacial fjord entrances along East Greenland during HDMS Knud Rasmussen expedition KN_2021 in August 2021 [dataset]. PANGAEA, https://doi.org/10.1594/PANGAEA.962781",
SWL2016,173,2016-07-12T20:52:46,2016-07-20T00:37:45,Sea,"Bering Sea, Chukchi Sea",Arctic Data Center,https://arcticdata.io/,https://arcticdata.io/submit/,CC0 1.0 Universal,1,2025-12-23T00:00:00,https://doi.org/10.18739/A23B5W875,0,0,0,,,"Lee W. Cooper, Jacqueline M. Grebmeier, Karen E. Frey, & Svein Vagle. (2019). Discrete water samples collected from the Conductivity-Temperature-Depth rosette at specific depths, Northern Bering Sea to Chukchi Sea, 2016. Arctic Data Center. doi:10.18739/A23B5W875. ",
HLY1702,174,2017-08-29T00:00:00,2017-09-13T00:00:00,Sea,"Bering Sea, Chukchi Sea",Arctic Data Center,https://arcticdata.io/,https://arcticdata.io/submit/,CC0 1.0 Universal,1,2025-12-23T00:00:00,https://doi.org/10.18739/A2PN8XH4S,0,0,0,,,"Lee W. Cooper, & Jacqueline M. Grebmeier. (2025). Discrete water samples collected from the Conductivity-Temperature-Depth (CTD) rosette at specific depths, United States Coast Guard Cutter Healy (HLY1702), Northern Bering Sea to Chukchi Sea, 2017. Arctic Data Center. doi:10.18739/A2PN8XH4S. ",
SWL2018,172,2018-07-16T15:16:32,2018-07-23T05:13:17,Sea,"Bering Sea, Chukchi Sea",Arctic Data Center,https://arcticdata.io/,https://arcticdata.io/submit/,CC0 1.0 Universal,2,2025-12-23T00:00:00,https://doi.org/10.18739/A24X54J4C,0,0,0,,,"Lee W. Cooper, Jacqueline M. Grebmeier, Karen Frey, & Sarah Zimmerman. (2022). Discrete water samples collected from the Conductivity-Temperature-Depth(CTD) rosette at specific depths, Canadian Coast Guard Ship (CCGS) Sir Wilfrid Laurier, Northern Bering Sea to Chukchi Sea, 2018. Arctic Data Center. doi:10.18739/A24X54J4C. ",
Helmer_Hansen,170,2012-08-08T09:40:00,2012-08-13T20:19:00,Sea,Arctic Ocean,National Centers for Environmental Information,https://www.ncei.noaa.gov/,NCEI PD-10-2-02 - Open Data Policy,CC0,1,2025-12-03T00:00:00,https://doi.org/10.25921/350g-0y60,0,0,0,,,"Olsen, Are; Skagseth, Øystein; Lunde, Linda Fonnes; Petersen, Marianne (2018). Dissolved inorganic carbon, total alkalinity, oxygen, temperature, salinity, nutrients and other parameters collected from profile and discrete sample observations from R/V Helmer Hansen cruise (EXPOCODE 58HJ20120807) in the Arctic Ocean from 2012-08-07 to 2012-08-17 (NCEI Accession 0176290). [indicate subset used]. NOAA National Centers for Environmental Information. Dataset. https://doi.org/10.25921/350g-0y60. Accessed [date].",
SWL2019,154,2019-07-14T01:05:00,2019-07-22T07:55:00,Sea,"Bering Sea, Chukchi Sea",Arctic Data Center,https://arcticdata.io/,https://arcticdata.io/submit/,CC0 1.0 Universal,3,2025-12-23T00:00:00,https://doi.org/10.18739/A2CR5ND9N,0,0,0,,,"Lee W. Cooper, Jacqueline M. Grebmeier, Karen Frey, & Sarah Zimmerman. (2023). Discrete water samples collected from the Conductivity-Temperature-Depth rosette at specific depths, CCGS Sir Wilfrid Laurier, Northern Bering Sea to Chukchi Sea, 2019. Arctic Data Center. doi:10.18739/A2CR5ND9N. ",
ARK_IV_3,151,1987-07-07T17:30:00,1987-08-04T17:16:00,Sea,Eastern Arctic,National Centers for Environmental Information,https://www.ncei.noaa.gov/,NCEI PD-10-2-02 - Open Data Policy,CC0,1,2025-11-12T00:00:00,https://doi.org/10.3334/cdiac/otg.06aq19870704_ark_iv_3,0,0,0,https://epic.awi.de/id/eprint/26220/1/BerPolarforsch198843.pdf,,"Anderson, Leif G.; Thiede, Jörn (2013). Dissolved inorganic carbon, temperature, salinity and other variables collected from discrete sample and profile observations using CTD, bottle and other instruments from the POLARSTERN in the Arctic Ocean and North Greenland Sea from 1987-07-04 to 1987-09-02 (NCEI Accession 0113916). [indicate subset used]. NOAA National Centers for Environmental Information. Dataset. https://doi.org/10.3334/cdiac/otg.06aq19870704_ark_iv_3. Accessed [date].",
UNCLOS_2016,149,2016-08-11T13:25:00,2016-09-13T23:39:00,Sea,"Arctic Ocean, Beaufort Sea and Canada Basin",National Centers for Environmental Information,https://www.ncei.noaa.gov/,NCEI PD-10-2-02 - Open Data Policy,CC0,2,2025-11-12T00:00:00,https://doi.org/10.25921/2gj7-e547,0,0,0,,,"Azetsu-Scott, Kumiko; Eert, Jane; Zimmermann, Sarah (2021). Dissolved inorganic carbon (DIC), total alkalinity (TA), pH, discrete pCO2, methane, nutrients, dissolved oxygen, water temperature, salinity and other measurements collected from discrete samples and profile observations via opportunistic sampling on the United Nations Convention on the Law of the Sea (UNCLOS) CCGS Louis S. St-Laurent cruises 2014-10, 2015-05, and 2016-15 by Natural Resources of Canada (NRCan) in the Arctic Ocean, Beaufort Sea and Canada Basin from 2014-08-28 to 2016-09-13 (NCEI Accession 0240685). [indicate subset used]. NOAA National Centers for Environmental Information. Dataset. https://doi.org/10.25921/2gj7-e547. Accessed [date].",
Sikuliaq2024,130,2024-08-08T00:00:00,2024-08-26T00:00:00,Sea,Northern Bering Sea to Chukchi Sea,Arctic Data Center,https://arcticdata.io/,https://arcticdata.io/submit/,CC0 1.0,1,2025-11-12T00:00:00,https://doi.org/10.18739/A23J3932S,0,0,0,,,"Lee W. Cooper, Jacqueline M. Grebmeier, & Seth L. Danielson. (2025). Discrete water samples collected from the Conductivity-Temperature-Depth (CTD) rosette at specific depths, Research Vessel Sikuliaq, Northern Bering Sea to Chukchi Sea, 2024. Arctic Data Center. doi:10.18739/A23J3932S. ",
Knorr_2006,112,2006-10-02T10:03:00,2006-10-03T03:46:00,Sea,Davis Strait,National Centers for Environmental Information,https://www.ncei.noaa.gov/,NCEI PD-10-2-02 - Open Data Policy,CC0,1,2025-12-03T00:00:00,https://doi.org/10.7289/v5v1233j,0,0,0,,,"Azetsu-Scott, Kumiko; Petrie, Brian; Lee, Craig M. (2018). Carbon dioxide, hydrographic and chemical data collected from profile discrete samples during the R/V Knorr cruise KN (EXPOCODE 316N20061001) in Davis Strait from 2006-10-01 to 2006-10-04 (NCEI Accession 0173247). [indicate subset used]. NOAA National Centers for Environmental Information. Dataset. https://doi.org/10.7289/v5v1233j. Accessed [date].",
Hudson_2005,107,2005-09-05T23:12:00,2005-09-15T01:16:00,Sea,Davis Strait,National Centers for Environmental Information,https://www.ncei.noaa.gov/,NCEI PD-10-2-02 - Open Data Policy,CC0,1,2025-12-03T00:00:00,https://doi.org/10.7289/v5df6pj1,0,0,0,,,"Azetsu-Scott, Kumiko; Petrie, Brian; Lee, Craig M. (2018). Carbon dioxide, hydrographic and chemical data collected from profile discrete samples during the R/V Hudson cruise (EXPOCODE 18HU20050904) in Davis Strait from 2005-09-04 to 2005-09-22 (NCEI Accession 0173090). [indicate subset used]. NOAA National Centers for Environmental Information. Dataset. https://doi.org/10.7289/v5df6pj1. Accessed [date].",
DY167_CTD,96,2023-07-15T12:10:00,2023-08-06T12:00:00,Sea,"North Sea, Barents Sea, Norwegian Sea",British Oceanographic Data Centre,https://www.bodc.ac.uk/,https://www.bodc.ac.uk/resources/policies/,UK Open Government License (https://www.nationalarchives.gov.uk/doc/open-government-licence/version/3/),1,2026-02-03T00:00:00,https://doi.org/10.5285/48e39c93-2405-99f3-e063-7086abc003fa,0,0,0,,,"Mahaffey C.; Fisher B.J.; Wrightson L.; Hopkins J.; Arrowsmith C.; Sanders R.N.C.; Meredith M.P.; Barton B.I.; Henderson P.; Rynders S.(2026). Stainless Steel CTD water column samples (macronutrients, chlorophyll-a, particulate carbon, C-fixation, d18O) and upcast sensor measurements (temperature, salinity, oxygen, optical backscatter, beam transmittance and attenuation, PAR, fluorescence) from cruise DY167 (GApr19), July-August 2023. NERC EDS British Oceanographic Data Centre NOC. doi:10.5285/48e39c93-2405-99f3-e063-7086abc003fa",
SWL2021,92,2021-07-16T16:30:19,2021-07-24T17:25:13,Sea,"Bering Sea, Chukchi Sea",Arctic Data Center,https://arcticdata.io/,https://arcticdata.io/submit/,CC0 1.0 Universal,1,2025-12-23T00:00:00,https://doi.org/10.18739/A2RF5KH42,0,0,0,,,"Lee W. Cooper, Jacqueline M. Grebmeier, Sarah Zimmerman, & Karen E. Frey. (2023). Discrete water samples collected from the Conductivity-Temperature-Depth (CTD) rosette at specific depths, Northern Bering Sea to Chukchi Sea, Sir Wilfrid Laurier 2021. Arctic Data Center. doi:10.18739/A2RF5KH42. ",
SWL2023,84,2023-07-17T14:15:00,2023-07-25T19:52:00,Sea,"Bering Sea, Chukchi Sea",Arctic Data Center,https://arcticdata.io/,https://arcticdata.io/submit/,CC0 1.0 Universal,1,2025-12-23T00:00:00,https://doi.org/10.18739/A2D50G02C,0,0,0,,,"Lee W. Cooper, Jacqueline M. Grebmeier, Sarah Zimmerman, & Karen Frey. (2024). Discrete water samples collected from the Conductivity-Temperature-Depth rosette at specific depths, Canadian Coast Guard Service (CCGS) Sir Wilfrid Laurier, Northern Bering Sea to Chukchi Sea, 2023. Arctic Data Center. doi:10.18739/A2D50G02C. ",
UNCLOS_2015,79,2015-08-19T19:39:00,2015-09-11T15:58:00,Sea,"Arctic Ocean, Beaufort Sea and Canada Basin",National Centers for Environmental Information,https://www.ncei.noaa.gov/,NCEI PD-10-2-02 - Open Data Policy,CC0,2,2025-11-12T00:00:00,https://doi.org/10.25921/2gj7-e547,0,0,0,,,"Azetsu-Scott, Kumiko; Eert, Jane; Zimmermann, Sarah (2021). Dissolved inorganic carbon (DIC), total alkalinity (TA), pH, discrete pCO2, methane, nutrients, dissolved oxygen, water temperature, salinity and other measurements collected from discrete samples and profile observations via opportunistic sampling on the United Nations Convention on the Law of the Sea (UNCLOS) CCGS Louis S. St-Laurent cruises 2014-10, 2015-05, and 2016-15 by Natural Resources of Canada (NRCan) in the Arctic Ocean, Beaufort Sea and Canada Basin from 2014-08-28 to 2016-09-13 (NCEI Accession 0240685). [indicate subset used]. NOAA National Centers for Environmental Information. Dataset. https://doi.org/10.25921/2gj7-e547. Accessed [date].",
NyAlesund2023/River_Transect,77,2023-07-11T11:10:00,2023-07-27T14:45:00,River,Svalbard,Private Communication,,,Permission given in private communication ,0,2025-11-12T00:00:00,Unpublished,77,72,0,,,Unpublished,
DEHEAT,75,2023-06-26T12:30:00,2023-07-09T08:20:00,Sea,Iceland,Private Communication,,,Permission given in private communication ,0,2025-11-12T00:00:00,Unpublished,0,4,0,,,Unpublished,
KN179_05,73,2004-09-23T10:17:00,2004-09-28T02:42:00,Sea,Davis Strait,National Centers for Environmental Information,https://www.ncei.noaa.gov/,NCEI PD-10-2-02 - Open Data Policy,CC0,1,2025-12-03T00:00:00,https://doi.org/10.7289/v5j67f79,0,0,0,,,"Azetsu-Scott, Kumiko; Petrie, Brian; Lee, Craig M. (2018). Carbon dioxide, hydrographic and chemical data collected from profile discrete samples during the R/V Knorr cruise (EXPOCODE 316N20040922) in Davis Strait from 2004-09-22 to 2004-10-04 (NCEI Accession 0173089). [indicate subset used]. NOAA National Centers for Environmental Information. Dataset. https://doi.org/10.7289/v5j67f79. Accessed [date].",
Sikuliaq2021,50,2021-11-08T22:09:38,2021-11-16T16:48:25,Sea,"Bering Sea, Chukchi Sea",Arctic Data Center,https://arcticdata.io/,https://arcticdata.io/submit/,CC0 1.0 Universal,1,2025-12-23T00:00:00,https://doi.org/10.18739/A2XD0R04Q,0,0,0,,,"Lee W. Cooper, Jacqueline M. Grebmeier, & Seth L. Danielson. (2024). Discrete water samples collected from the Conductivity-Temperature-Depth (CTD) rosette at specific depths, Research Vessel Sikuliaq, Northern Bering Sea to Chukchi Sea, 2021. Arctic Data Center. doi:10.18739/A2XD0R04Q. ",
UNCLOS_2014,48,2014-08-28T11:05:00,2014-09-24T07:57:00,Sea,"Arctic Ocean, Beaufort Sea and Canada Basin",National Centers for Environmental Information,https://www.ncei.noaa.gov/,NCEI PD-10-2-02 - Open Data Policy,CC0,2,2025-11-12T00:00:00,https://doi.org/10.25921/2gj7-e547,0,0,0,,,"Azetsu-Scott, Kumiko; Eert, Jane; Zimmermann, Sarah (2021). Dissolved inorganic carbon (DIC), total alkalinity (TA), pH, discrete pCO2, methane, nutrients, dissolved oxygen, water temperature, salinity and other measurements collected from discrete samples and profile observations via opportunistic sampling on the United Nations Convention on the Law of the Sea (UNCLOS) CCGS Louis S. St-Laurent cruises 2014-10, 2015-05, and 2016-15 by Natural Resources of Canada (NRCan) in the Arctic Ocean, Beaufort Sea and Canada Basin from 2014-08-28 to 2016-09-13 (NCEI Accession 0240685). [indicate subset used]. NOAA National Centers for Environmental Information. Dataset. https://doi.org/10.25921/2gj7-e547. Accessed [date].",
MOSAiC_Seawater,41,2019-10-04T08:25:44,2020-09-15T06:04:04,Sea,Arctic Ocean,PANGEA,https://www.pangaea.de/,https://www.pangaea.de/about/terms.php,CC-BY-4.0,1,2026-01-28T00:00:00,https://doi.org/10.1594/PANGAEA.966223,0,0,0,,,"Laukert, Georgi; Bauch, Dorothea; Damm, Ellen; Hathorne, Ed C; Simões Pereira, Patric; D'Angelo, Alessandra; Nomura, Daiki (2025): Dissolved radiogenic neodymium isotopes, stable oxygen isotopes and rare earth element concentrations of water bottle samples collected during MOSAiC [dataset]. PANGAEA, https://doi.org/10.1594/PANGAEA.966223",
NyAlesund2024_130924CA,37,2024-07-17T00:00:00,2024-07-25T00:00:00,Fjord/River,Svalbard,Private Communication,,,Permission given in private communication ,0,2025-11-12T00:00:00,Unpublished,13,17,0,,,Unpublished,
DY167_Underway,33,2023-08-01T17:01:00,2023-08-05T05:09:00,Sea,"North Sea, Barents Sea, Norwegian Sea",British Oceanographic Data Centre,https://www.bodc.ac.uk/,https://www.bodc.ac.uk/resources/policies/,UK Open Government License (https://www.nationalarchives.gov.uk/doc/open-government-licence/version/3/),1,2026-02-03T00:00:00,https://doi.org/10.5285/48d50e6a-e137-e1e3-e063-7086abc09a72,0,0,0,,,"Mahaffey C.; Norman L.; Fisher B.J.; Wrightson L.; Lohan M.; Hawley R.; Flanagan O.; Hopkins J.; Rynders S.; Arrowsmith C.; Sanders R.N.C.; Meredith M.P.(2026). Underway biogeochemical samples data (macronutrients, chlorophyll-a, dissolved trace elements, particulate carbon, carbon fixation, d18O) and water mass fractions from a towfish at 3 m in the Norwegian and Barents Sea on cruise DY167 (GApr19), July-August 2023. NERC EDS British Oceanographic Data Centre NOC. doi:10.5285/48d50e6a-e137-e1e3-e063-7086abc09a72",
TU19,29,2019-09-11T11:31:00,2019-09-16T14:33:00,Fjord,"Godhäbsfjord and Ameralik Fjord, SW Greenland",PANGEA,https://www.pangaea.de/,https://www.pangaea.de/about/terms.php,CC-BY-4.0,,2025-11-12T00:00:00,https://doi.org/10.1594/PANGAEA.930217,0,29,0,https://download.pangaea.de/reference/107898/attachments/TU2019-Expedition_Report.pdf,,"Hatton, Jade Elizabeth; Ng, Hong Chin; Beaton, Alexander; Hawkings, Jonathan; Leng, Melanie J; Meire, Lorenz; Sumaria, Prina; Ward, Rachael; Woodward, E Malcolm S; Stuart-Lee, Alice; Hendry, Katharine R (2023): Hydrographic and biogeochemical data from Godhäbsfjord and Ameralik Fjord, SW Greenland, 2018-2019 [dataset]. PANGAEA, https://doi.org/10.1594/PANGAEA.930217",
NyAlesund2023_/Fjord,24,2023-07-22T00:00:00,2023-07-27T00:00:00,Fjord,Svalbard,Private Communication,,,Permission given in private communication ,0,2025-11-12T00:00:00,Unpublished,0,5,0,,,Unpublished,
CHARS-2019,20,2019-07-04T00:00:00,2019-07-06T00:00:00,Sea,Arctic Canada,Private Communication,,,Permission given in private communication ,0,2025-11-12T00:00:00,Unpublished,0,20,0,,,Unpublished,
KQ18,17,2018-07-05T12:15:00,2018-07-09T20:13:00,Fjord,"Godhäbsfjord and Ameralik Fjord, SW Greenland",PANGEA,https://www.pangaea.de/,https://www.pangaea.de/about/terms.php,CC-BY-4.0,,2025-11-12T00:00:00,https://doi.org/10.1594/PANGAEA.930217,0,17,0,https://download.pangaea.de/reference/107897/attachments/KQ2018-Expedition-Report.pdf,,"Hatton, Jade Elizabeth; Ng, Hong Chin; Beaton, Alexander; Hawkings, Jonathan; Leng, Melanie J; Meire, Lorenz; Sumaria, Prina; Ward, Rachael; Woodward, E Malcolm S; Stuart-Lee, Alice; Hendry, Katharine R (2023): Hydrographic and biogeochemical data from Godhäbsfjord and Ameralik Fjord, SW Greenland, 2018-2019 [dataset]. PANGAEA, https://doi.org/10.1594/PANGAEA.930217",
DY081-FSH,11,2017-07-25T02:17:00,2017-07-27T12:10:00,Sea,Labrador Sea (Davis Strait),PANGEA,https://www.pangaea.de/,https://www.pangaea.de/about/terms.php,CC-BY-4.0,1,2025-11-12T00:00:00,https://doi.pangaea.de/10.1594/PANGAEA.896539,0,0,0,https://download.pangaea.de/reference/97016/attachments/dy081.pdf,,"Hendry, Katharine R (2018): North Atlantic seawater bottle data collected from Tow fish during RRS Discovery cruise DY081 [dataset]. PANGAEA, https://doi.org/10.1594/PANGAEA.896539, In supplement to: Hendry, Katharine R; Huvenne, Veerle A I; Robinson, Laura F; Annett, Amber; Badger, Marcus P S; Jacobel, Allison W; Ng, Hong Chin; Opher, Jacob; Pickering, Rebecca A; Taylor, Michelle L; Bates, Stephanie L; Cooper, Adam; Cushman, Grace G; Goodwin, Claire; Hoy, Shannon Kelsey; Rowland, George Henry; Samperiz, Ana; Williams, James A; Achterberg, Eric Pieter; Arrowsmith, Carol; Brearley, J Alexander; Henley, Sian Frances; Krause, Jeffrey W; Leng, Melanie J; Li, Tao; McManus, Jerry F; Meredith, Michael P; Perkins, Rupert; Woodward, E Malcolm S (2019): The biogeochemical impact of glacial meltwater from Southwest Greenland. Progress in Oceanography, 176, 102126, https://doi.org/10.1016/j.pocean.2019.102126",https://store.pangaea.de/Publications/Hendry_2018_DY081/DY081_Bot_Data_Documentation.pdf
DY081-ROV,3,2017-07-20T04:55:00,2017-07-20T17:06:00,Sea,Labrador Sea (Davis Strait),PANGEA,https://www.pangaea.de/,https://www.pangaea.de/about/terms.php,CC-BY-4.0,1,2025-11-12T00:00:00,https://doi.pangaea.de/10.1594/PANGAEA.896540,0,0,0,https://download.pangaea.de/reference/97016/attachments/dy081.pdf,,"Hendry, Katharine R (2018): North Atlantic seawater bottle data collected from ROV during RRS Discovery cruise DY081 [dataset]. PANGAEA, https://doi.org/10.1594/PANGAEA.896540, In supplement to: Hendry, Katharine R; Huvenne, Veerle A I; Robinson, Laura F; Annett, Amber; Badger, Marcus P S; Jacobel, Allison W; Ng, Hong Chin; Opher, Jacob; Pickering, Rebecca A; Taylor, Michelle L; Bates, Stephanie L; Cooper, Adam; Cushman, Grace G; Goodwin, Claire; Hoy, Shannon Kelsey; Rowland, George Henry; Samperiz, Ana; Williams, James A; Achterberg, Eric Pieter; Arrowsmith, Carol; Brearley, J Alexander; Henley, Sian Frances; Krause, Jeffrey W; Leng, Melanie J; Li, Tao; McManus, Jerry F; Meredith, Michael P; Perkins, Rupert; Woodward, E Malcolm S (2019): The biogeochemical impact of glacial meltwater from Southwest Greenland. Progress in Oceanography, 176, 102126, https://doi.org/10.1016/j.pocean.2019.102126",https://store.pangaea.de/Publications/Hendry_2018_DY081/DY081_Bot_Data_Documentation.pdf
HLY1901,4,2019-08-06T00:00:00,2019-08-06T00:00:00,Sea,"Bering Sea, Chukchi Sea",Arctic Data Center,https://arcticdata.io/,https://arcticdata.io/submit/,CC0 1.0,1,2025-12-23T00:00:00,https://doi.org/10.18739/A2F47GW53,0,0,0,,,"Lee W. Cooper, & Jacqueline M. Grebmeier. (2025). Discrete water samples collected from the Conductivity-Temperature-Depth (CTD) rosette at specific depths, United States Coast Guard Cutter Healy (HLY1901), Northern Bering Sea to Chukchi Sea, 2019. Arctic Data Center. doi:10.18739/A2F47GW53. ",
R/V_Professor_Shtokman_2014,73,2014-08-25T00:00:00,2014-08-25T00:00:00,Sea,Kara Sea,PAGES CoralHydro2k Seawater d18O Database,https://doi.org/10.25921/ap7d-2k16,NCEI PD-10-2-02 - Open Data Policy,CC0,1,2026-02-25T00:00:00,https://doi.org/10.1134/S0001437017010040,0,0,0,,,"Dubinina, E. O., Kossova, S. A., Miroshnikov, A. Y., & Fyaizullina, R. V. (2017). Isotope parameters (Œ¥D, Œ¥18O) and sources of freshwater input to Kara Sea. Oceanology (Washington. 1965), 57(1), 31‚Äì40. ",
Sedina_IV,48,2002-07-09T00:00:00,2002-10-07T00:00:00,Sea,"Foxe Basin, Hudson Bay, Hudson Stright",PAGES CoralHydro2k Seawater d18O Database,https://doi.org/10.25921/ap7d-2k16,NCEI PD-10-2-02 - Open Data Policy,CC0,1,2026-02-25T00:00:00,https://doi.org/10.25921/ap7d-2k16,0,0,0,,,"Yamamoto-Kawai, M., Carmack, E. C., McLaughlin, & F. A., Falkner, K. K. (2010). Oxygen isotope ratio, barium and salinity in waters around the North American coast from the Pacific to the Atlantic: Implications for freshwater sources to the Arctic throughflow. Journal of Marine Research 68(1), 97-117.",
BLE_LTER,442,2019-04-13T18:30:00,2025-08-15T09:45:00,"River, Lagoon",Alaska Beaufort Sea coast,Environmental Data Initiative Data Portal,https://portal.edirepository.org/nis/home.jsp,https://edirepository.org/resources/licensing-data,CC0-1.0,1,2026-03-10T00:00:00,https://doi.org/10.6073/pasta/f32c2bdec6f3723e7bf1d45a0fb9c423,442,134,0,,,"Beaufort Lagoon Ecosystems LTER, Core Program. 2026. Stable oxygen isotope ratios of water (H2O-d18O) from river, lagoon, and open ocean sites along the Alaska Beaufort Sea coast, 2019-ongoing ver 7. Environmental Data Initiative. https://doi.org/10.6073/pasta/f32c2bdec6f3723e7bf1d45a0fb9c423 (Accessed 2026-03-10).",
NABOS18,1432,2018-01-09T00:00:00,2018-10-09T00:00:00,Sea,Arctic Ocean,Arctic Data Center,https://arcticdata.io/,https://arcticdata.io/submit/,CC-BY-4.0,1,2026-03-29T00:00:00,https://doi.org/10.18739/A2FX73Z1F,0,0,1432,,,"Matthew Alkire, & Robert Rember. (2019). Geochemical observations of seawater in the eastern Eurasian Basin, Arctic Ocean, 2018. Arctic Data Center. doi:10.18739/A2FX73Z1F. ",
NPEO2003,19,2003-05-06T22:38:00,2003-05-09T22:27:00,Sea,Arctic Ocean,Arctic Data Center,https://arcticdata.io/,https://arcticdata.io/submit/,CC-BY-4.0,1,2026-03-29T00:00:00,https://doi.org/10.18739/A25T3FZ8X,0,0,19,,,Craig Tweedie. (2009). North Pole Environmental Observatory Bottle Chemistry. Arctic Data Center. doi:10.18739/A25T3FZ8X. ,
NPEO2005,30,2005-04-25T19:28:00,2005-04-28T13:43:00,Sea,Arctic Ocean,Arctic Data Center,https://arcticdata.io/,https://arcticdata.io/submit/,CC-BY-4.0,1,2026-03-29T00:00:00,https://doi.org/10.18739/A25T3FZ8X,0,0,30,,,Craig Tweedie. (2009). North Pole Environmental Observatory Bottle Chemistry. Arctic Data Center. doi:10.18739/A25T3FZ8X. ,
NPEO2001,19,2001-04-12T08:53:00,2001-04-14T13:02:00,Sea,Arctic Ocean,Arctic Data Center,https://arcticdata.io/,https://arcticdata.io/submit/,CC-BY-4.0,1,2026-03-29T00:00:00,https://doi.org/10.18739/A25T3FZ8X,0,0,19,,,Craig Tweedie. (2009). North Pole Environmental Observatory Bottle Chemistry. Arctic Data Center. doi:10.18739/A25T3FZ8X. ,
NPEO2007,44,2007-04-22T01:28:00,2007-04-28T20:15:17,Sea,Arctic Ocean,Arctic Data Center,https://arcticdata.io/,https://arcticdata.io/submit/,CC-BY-4.0,1,2026-03-29T00:00:00,https://doi.org/10.18739/A25T3FZ8X,0,0,44,,,Craig Tweedie. (2009). North Pole Environmental Observatory Bottle Chemistry. Arctic Data Center. doi:10.18739/A25T3FZ8X. ,
NPEO2006,37,2006-04-24T12:30:00,2006-04-26T21:31:00,Sea,Arctic Ocean,Arctic Data Center,https://arcticdata.io/,https://arcticdata.io/submit/,CC-BY-4.0,1,2026-03-29T00:00:00,https://doi.org/10.18739/A25T3FZ8X,0,0,37,,,Craig Tweedie. (2009). North Pole Environmental Observatory Bottle Chemistry. Arctic Data Center. doi:10.18739/A25T3FZ8X. ,
NPEO2015,36,2015-04-13T00:00:00,2015-04-20T00:00:00,Sea,Arctic Ocean,Arctic Data Center,https://arcticdata.io/,https://arcticdata.io/submit/,CC-BY-4.0,1,2026-03-29T00:00:00,https://doi.org/10.18739/A25T3FZ8X,0,0,36,,,Craig Tweedie. (2009). North Pole Environmental Observatory Bottle Chemistry. Arctic Data Center. doi:10.18739/A25T3FZ8X. ,
NPEO2002,9,2002-04-27T14:33:00,2002-04-28T10:41:00,Sea,Arctic Ocean,Arctic Data Center,https://arcticdata.io/,https://arcticdata.io/submit/,CC-BY-4.0,1,2026-03-29T00:00:00,https://doi.org/10.18739/A25T3FZ8X,0,0,9,,,Craig Tweedie. (2009). North Pole Environmental Observatory Bottle Chemistry. Arctic Data Center. doi:10.18739/A25T3FZ8X. ,
NPEO2004,35,2004-04-26T15:39:00,2004-04-29T13:31:00,Sea,Arctic Ocean,Arctic Data Center,https://arcticdata.io/,https://arcticdata.io/submit/,CC-BY-4.0,1,2026-03-29T00:00:00,https://doi.org/10.18739/A25T3FZ8X,0,0,35,,,Craig Tweedie. (2009). North Pole Environmental Observatory Bottle Chemistry. Arctic Data Center. doi:10.18739/A25T3FZ8X. ,
NPEO2011,60,2011-04-16T00:00:00,2011-04-21T00:00:00,Sea,Arctic Ocean,Arctic Data Center,https://arcticdata.io/,https://arcticdata.io/submit/,CC-BY-4.0,1,2026-03-29T00:00:00,https://doi.org/10.18739/A25T3FZ8X,0,0,60,,,Craig Tweedie. (2009). North Pole Environmental Observatory Bottle Chemistry. Arctic Data Center. doi:10.18739/A25T3FZ8X. ,
NPEO2013,77,2013-04-12T00:00:00,2013-04-19T00:00:00,Sea,Arctic Ocean,Arctic Data Center,https://arcticdata.io/,https://arcticdata.io/submit/,CC-BY-4.0,1,2026-03-29T00:00:00,https://doi.org/10.18739/A25T3FZ8X,0,0,77,,,Craig Tweedie. (2009). North Pole Environmental Observatory Bottle Chemistry. Arctic Data Center. doi:10.18739/A25T3FZ8X. ,
NPEO2008,112,2008-04-06T20:00:13,2008-04-20T13:05:33,Sea,Arctic Ocean,Arctic Data Center,https://arcticdata.io/,https://arcticdata.io/submit/,CC-BY-4.0,1,2026-03-29T00:00:00,https://doi.org/10.18739/A25T3FZ8X,0,0,112,,,Craig Tweedie. (2009). North Pole Environmental Observatory Bottle Chemistry. Arctic Data Center. doi:10.18739/A25T3FZ8X. ,
NPEO2000,11,2000-04-21T14:01:00,2000-04-28T16:45:00,Sea,Arctic Ocean,Arctic Data Center,https://arcticdata.io/,https://arcticdata.io/submit/,CC-BY-4.0,1,2026-03-29T00:00:00,https://doi.org/10.18739/A25T3FZ8X,0,0,11,,,Craig Tweedie. (2009). North Pole Environmental Observatory Bottle Chemistry. Arctic Data Center. doi:10.18739/A25T3FZ8X. ,
NPEO2012,72,2016-04-17T00:00:00,2016-04-23T00:00:00,Sea,Arctic Ocean,Arctic Data Center,https://arcticdata.io/,https://arcticdata.io/submit/,CC-BY-4.0,1,2026-03-29T00:00:00,https://doi.org/10.18739/A25T3FZ8X,0,0,72,,,Craig Tweedie. (2009). North Pole Environmental Observatory Bottle Chemistry. Arctic Data Center. doi:10.18739/A25T3FZ8X. ,
NPEO2014,35,2014-04-15T00:00:00,2014-04-18T00:00:00,Sea,Arctic Ocean,Arctic Data Center,https://arcticdata.io/,https://arcticdata.io/submit/,CC-BY-4.0,1,2026-03-29T00:00:00,https://doi.org/10.18739/A25T3FZ8X,0,0,35,,,Craig Tweedie. (2009). North Pole Environmental Observatory Bottle Chemistry. Arctic Data Center. doi:10.18739/A25T3FZ8X. ,
BG2008,67,2008-03-21T21:56:46,2008-03-30T23:49:56,Sea,Arctic Ocean,Arctic Data Center,https://arcticdata.io/,https://arcticdata.io/submit/,CC-BY-4.0,1,2026-03-29T00:00:00,https://doi.org/10.18739/A25T3FZ8X,0,0,67,,,Craig Tweedie. (2009). North Pole Environmental Observatory Bottle Chemistry. Arctic Data Center. doi:10.18739/A25T3FZ8X. ,
SCARFS_2014,10,2014-06-18T11:00:00,2014-07-09T10:30:00,River,"Canadian Arctic Archipelago,Nares Strait, Baffin Bay",Arctic Data Center,https://arcticdata.io/,https://arcticdata.io/submit/,CC-BY-4.0,1,2026-03-29T00:00:00,https://doi.org/10.18739/A2CP8H,10,10,10,,,Matthew Alkire. (2015). Small Canadian Arctic River Flows. Arctic Data Center. doi:10.18739/A2CP8H. ,
SCARFS_2015,172,2015-01-08T14:30:00,2015-12-08T14:26:00,River,"Canadian Arctic Archipelago,Nares Strait, Baffin Bay",Arctic Data Center,https://arcticdata.io/,https://arcticdata.io/submit/,CC-BY-4.0,1,2026-03-29T00:00:00,https://doi.org/10.18739/A2NZ80Q62,118,33,172,,,"Matthew Alkire. (2017). Water samples from rivers and estuaries in the Canadian Arctic Archipelago, 2015. Arctic Data Center. doi:10.18739/A2NZ80Q62. ",
SCARFS_2016,214,2016-02-08T17:25:00,2016-12-08T17:23:00,River,"Canadian Arctic Archipelago,Nares Strait, Baffin Bay",Arctic Data Center,https://arcticdata.io/,https://arcticdata.io/submit/,CC-BY-4.0,1,2026-03-29T00:00:00,https://doi.org/10.18739/A2XG9FB6J,29,44,214,,,"Matthew Alkire. (2017). Water samples from rivers and estuaries in the Canadian Arctic Archipelago, 2016. Arctic Data Center. doi:10.18739/A2XG9FB6J. ",
06ARKIX_4,365,1993-08-12T00:00:00,1993-09-20T00:00:00,Sea,"Arctic Ocean, Kara Sea and Laptev",National Centers for Environmental Information,https://www.ncei.noaa.gov/,NCEI PD-10-2-02 - Open Data Policy,CC0,1,2026-03-29T00:00:00,https://doi.org/10.3334/cdiac/otg.carina_06aq19930806,0,0,365,,,"Anderson, Leif G.; Fütterer, Dieter K. (2013). Dissolved inorganic carbon, temperature, salinity and other variables collected from discrete sample and profile observations using CTD, bottle and other instruments from the POLARSTERN in the Arctic Ocean, Kara Sea and Laptev (or Nordenskjold) Sea from 1993-08-06 to 1993-10-05 (NCEI Accession 0113593). [indicate subset used]. NOAA National Centers for Environmental Information. Dataset. https://doi.org/10.3334/cdiac/otg.carina_06aq19930806. Accessed [date].",
